file,type,listen_for,OK_or_FIX,note
voice_candidates/voice_af_heart.wav,voice,"Warm, clear, slow enough for a 6-year-old?",,
voice_candidates/voice_af_bella.wav,voice,"Warm, clear, slow enough for a 6-year-old?",,
voice_candidates/voice_am_michael.wav,voice,"Warm, clear, slow enough for a 6-year-old?",,
fragments/car_lets_say_together.wav,carrier,"Clear, friendly, correct words?",,
fragments/car_listen.wav,carrier,"Clear, friendly, correct words?",,
fragments/car_say_it_with_me.wav,carrier,"Clear, friendly, correct words?",,
fragments/car_this_letter_says.wav,carrier,"Clear, friendly, correct words?",,
fragments/car_watch_my_lips.wav,carrier,"Clear, friendly, correct words?",,
fragments/car_your_turn.wav,carrier,"Clear, friendly, correct words?",,
fragments/fb_added_vowel.wav,carrier,"Clear, friendly, correct words?",,
fragments/fb_letter_name.wav,carrier,"Clear, friendly, correct words?",,
fragments/fb_listen_again.wav,carrier,"Clear, friendly, correct words?",,
fragments/fb_try_later.wav,carrier,"Clear, friendly, correct words?",,
fragments/idle_reprompt.wav,carrier,"Clear, friendly, correct words?",,
fragments/praise_great.wav,carrier,"Clear, friendly, correct words?",,
fragments/praise_lips.wav,carrier,"Clear, friendly, correct words?",,
fragments/praise_yes.wav,carrier,"Clear, friendly, correct words?",,
keywords/kw_apple.wav,keyword,"Clear word, natural?",,
keywords/kw_ball.wav,keyword,"Clear word, natural?",,
keywords/kw_box.wav,keyword,"Clear word, natural?",,
keywords/kw_cat.wav,keyword,"Clear word, natural?",,
keywords/kw_dog.wav,keyword,"Clear word, natural?",,
keywords/kw_elephant.wav,keyword,"Clear word, natural?",,
keywords/kw_fish.wav,keyword,"Clear word, natural?",,
keywords/kw_goat.wav,keyword,"Clear word, natural?",,
keywords/kw_hat.wav,keyword,"Clear word, natural?",,
keywords/kw_insect.wav,keyword,"Clear word, natural?",,
keywords/kw_jug.wav,keyword,"Clear word, natural?",,
keywords/kw_kite.wav,keyword,"Clear word, natural?",,
keywords/kw_lion.wav,keyword,"Clear word, natural?",,
keywords/kw_mouse.wav,keyword,"Clear word, natural?",,
keywords/kw_nest.wav,keyword,"Clear word, natural?",,
keywords/kw_orange.wav,keyword,"Clear word, natural?",,
keywords/kw_pig.wav,keyword,"Clear word, natural?",,
keywords/kw_queen.wav,keyword,"Clear word, natural?",,
keywords/kw_rabbit.wav,keyword,"Clear word, natural?",,
keywords/kw_sun.wav,keyword,"Clear word, natural?",,
keywords/kw_tiger.wav,keyword,"Clear word, natural?",,
keywords/kw_umbrella.wav,keyword,"Clear word, natural?",,
keywords/kw_van.wav,keyword,"Clear word, natural?",,
keywords/kw_watch.wav,keyword,"Clear word, natural?",,
keywords/kw_yoyo.wav,keyword,"Clear word, natural?",,
keywords/kw_zebra.wav,keyword,"Clear word, natural?",,
phonemes_continuous/ph_a.wav,phoneme,"Steady /æ/ only? No 'ah' or 'uh' at the end, no letter name?",,
phonemes_continuous/ph_e.wav,phoneme,"Steady /ɛ/ only? No 'ah' or 'uh' at the end, no letter name?",,
phonemes_continuous/ph_f.wav,phoneme,"Steady /f/ only? No 'ah' or 'uh' at the end, no letter name?",,
phonemes_continuous/ph_i.wav,phoneme,"Steady /ɪ/ only? No 'ah' or 'uh' at the end, no letter name?",,
phonemes_continuous/ph_l.wav,phoneme,"Steady /l/ only? No 'ah' or 'uh' at the end, no letter name?",,
phonemes_continuous/ph_m.wav,phoneme,"Steady /m/ only? No 'ah' or 'uh' at the end, no letter name?",,
phonemes_continuous/ph_n.wav,phoneme,"Steady /n/ only? No 'ah' or 'uh' at the end, no letter name?",,
phonemes_continuous/ph_o.wav,phoneme,"Steady /ɑ/ only? No 'ah' or 'uh' at the end, no letter name?",,
phonemes_continuous/ph_r.wav,phoneme,"Steady /ɹ/ only? No 'ah' or 'uh' at the end, no letter name?",,
phonemes_continuous/ph_s.wav,phoneme,"Steady /s/ only? No 'ah' or 'uh' at the end, no letter name?",,
phonemes_continuous/ph_u.wav,phoneme,"Steady /ʌ/ only? No 'ah' or 'uh' at the end, no letter name?",,
phonemes_continuous/ph_v.wav,phoneme,"Steady /v/ only? No 'ah' or 'uh' at the end, no letter name?",,
phonemes_continuous/ph_z.wav,phoneme,"Steady /z/ only? No 'ah' or 'uh' at the end, no letter name?",,
